	Sentence1	Sentence2	Gold Label	is_sts
0	A plane is taking off.	A plane is taking off.	5	true
1	A plane is taking off.	angstrom plane is pickings off.	4	true
2	A plane is taking off.	A plane is pickings slaying.	3	true
3	A plane is taking off.	A aeroplane is taking murder.	2	true
4	A plane is taking off.	angstrom plane beryllium taking murder.	1	true
5	A man is playing a large flute.	A man is playing a large flute.	5	true
6	A man is playing a large flute.	angstrom man is playing a large transverse flute.	4	true
7	A man is playing a large flute.	A man be acting a big flute.	3	true
8	A man is playing a large flute.	A man beryllium playing angstrom large flute.	2	true
9	A man is playing a large flute.	angstrom adult male be playing a big flute.	1	true
10	A man is spreading shreded cheese on a pizza.	A man is spreading shreded cheese on a pizza.	5	true
11	A man is spreading shreded cheese on a pizza.	angstrom man is spreading shreded cheese on angstrom pizza.	4	true
12	A man is spreading shreded cheese on a pizza.	A man be spread shreded cheese on angstrom pizza.	3	true
13	A man is spreading shreded cheese on a pizza.	A adult male is spreading shreded cheese on angstrom pizza pie.	2	true
14	A man is spreading shreded cheese on a pizza.	angstrom man is spreading shreded tall mallow on a pizza pie.	1	true
15	Three men are playing chess.	Three men are playing chess.	5	true
16	Three men are playing chess.	Three men are playing darnel.	4	true
17	Three men are playing chess.	Three men ar acting cheat.	3	true
18	Three men are playing chess.	three men are acting chess.	2	true
19	Three men are playing chess.	three work force are playing chess.	1	true
20	A man is playing the cello.	A man is playing the cello.	5	true
21	A man is playing the cello.	A man is playing the violoncello.	4	true
22	A man is playing the cello.	A adult male be playing the cello.	3	true
23	A man is playing the cello.	angstrom adult male is playing the cello.	2	true
24	A man is playing the cello.	angstrom adult male is playing the cello.	1	true
25	Some men are fighting.	Some men are fighting.	5	true
26	Some men are fighting.	approximately men ar fighting.	4	true
27	Some men are fighting.	Some men argon fight.	3	true
28	Some men are fighting.	approximately work force are fight.	2	true
29	Some men are fighting.	Some work force are battle.	1	true
30	A man is smoking.	A man is smoking.	5	true
31	A man is smoking.	angstrom man be smoking.	4	true
32	A man is smoking.	angstrom man beryllium smoking.	3	true
33	A man is smoking.	angstrom adult male be smoking.	2	true
34	A man is smoking.	angstrom adult male be smoke.	1	true
35	The man is playing the piano.	The man is playing the piano.	5	true
36	The man is playing the piano.	The man is acting the piano.	4	true
37	The man is playing the piano.	The man be playing the pianoforte.	3	true
38	The man is playing the piano.	The adult male is playing the pianoforte.	2	true
39	The man is playing the piano.	The man be playing the pianoforte.	1	true
40	A man is playing on a guitar and singing.	A man is playing on a guitar and singing.	5	true
41	A man is playing on a guitar and singing.	A man is acting on a guitar and singing.	4	true
42	A man is playing on a guitar and singing.	angstrom man is playing on a guitar and singing.	3	true
43	A man is playing on a guitar and singing.	A man is acting on a guitar and vocalizing.	2	true
44	A man is playing on a guitar and singing.	A adult male is acting on a guitar and singing.	1	true
45	A person is throwing a cat on to the ceiling.	A person is throwing a cat on to the ceiling.	5	true
46	A person is throwing a cat on to the ceiling.	A person be throwing a cat on to the ceiling.	4	true
47	A person is throwing a cat on to the ceiling.	angstrom individual is throw a cat on to the ceiling.	3	true
48	A person is throwing a cat on to the ceiling.	angstrom person is throwing a true cat on to the roof.	2	true
49	A person is throwing a cat on to the ceiling.	angstrom person is throw a cat along to the roof.	1	true
50	The man hit the other man with a stick.	The man hit the other man with a stick.	5	true
51	The man hit the other man with a stick.	The man hit the other adult male with a stick.	4	true
52	The man hit the other man with a stick.	The man hit the other man with angstrom control stick.	3	true
53	The man hit the other man with a stick.	The man hit the other man with angstrom stick.	2	true
54	The man hit the other man with a stick.	The adult male hit the other man with a control stick.	1	true
55	A woman picks up and holds a baby kangaroo.	A woman picks up and holds a baby kangaroo.	5	true
56	A woman picks up and holds a baby kangaroo.	angstrom adult female picks up and holds a baby kangaroo.	4	true
57	A woman picks up and holds a baby kangaroo.	A woman choice up and holds a baby kangaroo.	3	true
58	A woman picks up and holds a baby kangaroo.	A woman picks up and holds angstrom unit baby kangaroo.	2	true
59	A woman picks up and holds a baby kangaroo.	A adult female choice up and holds a babe kangaroo.	1	true
60	A man is playing a flute.	A man is playing a flute.	5	true
61	A man is playing a flute.	angstrom man is playing a transverse flute.	4	true
62	A man is playing a flute.	A man is acting angstrom unit flute.	3	true
63	A man is playing a flute.	angstrom man is acting a transverse flute.	2	true
64	A man is playing a flute.	A adult male beryllium playing angstrom flute.	1	true
65	A person is folding a piece of paper.	A person is folding a piece of paper.	5	true
66	A person is folding a piece of paper.	A person is folding angstrom unit piece of paper.	4	true
67	A person is folding a piece of paper.	A person beryllium protein folding a piece of paper.	3	true
68	A person is folding a piece of paper.	angstrom person be folding angstrom piece of paper.	2	true
69	A person is folding a piece of paper.	A person is protein folding angstrom piece of composition.	1	true
70	A man is running on the road.	A man is running on the road.	5	true
71	A man is running on the road.	A adult male is running on the road.	4	true
72	A man is running on the road.	A man be running along the route.	3	true
73	A man is running on the road.	A man be running on the path.	2	true
74	A man is running on the road.	A adult male is running on the road.	1	true
75	A dog is trying to get bacon off his back.	A dog is trying to get bacon off his back.	5	true
76	A dog is trying to get bacon off his back.	A domestic dog is try to get bacon off his back.	4	true
77	A dog is trying to get bacon off his back.	angstrom dog be trying to get Roger Bacon off his back.	3	true
78	A dog is trying to get bacon off his back.	A dog is trying to get bacon slaying his dorsum.	2	true
79	A dog is trying to get bacon off his back.	angstrom dog be try to get bacon off his back.	1	true
80	The polar bear is sliding on the snow.	The polar bear is sliding on the snow.	5	true
81	The polar bear is sliding on the snow.	The polar bear be sliding along the snow.	4	true
82	The polar bear is sliding on the snow.	The polar bear be skid on the snow.	3	true
83	The polar bear is sliding on the snow.	The polar give birth be sliding on the snowfall.	2	true
84	The polar bear is sliding on the snow.	The diametric give birth beryllium sliding on the snow.	1	true
85	A woman is writing.	A woman is writing.	5	true
86	A woman is writing.	A adult female is authorship.	4	true
87	A woman is writing.	angstrom unit woman is authorship.	3	true
88	A woman is writing.	A woman beryllium authorship.	2	true
89	A woman is writing.	angstrom adult female is writing.	1	true
90	A cat is rubbing against baby's face.	A cat is rubbing against baby's face.	5	true
91	A cat is rubbing against baby's face.	A cat be rubbing against baby's human face.	4	true
92	A cat is rubbing against baby's face.	A cat be friction against baby's face.	3	true
93	A cat is rubbing against baby's face.	angstrom true cat is rubbing against baby's face.	2	true
94	A cat is rubbing against baby's face.	angstrom cat be rubbing against baby's human face.	1	true
95	The man is riding a horse.	The man is riding a horse.	5	true
96	The man is riding a horse.	The man is horseback riding a horse.	4	true
97	The man is riding a horse.	The adult male be riding a horse.	3	true
98	The man is riding a horse.	The man beryllium riding a Equus caballus.	2	true
99	The man is riding a horse.	The man is horseback riding angstrom Equus caballus.	1	true
100	A man pours oil into a pot.	A man pours oil into a pot.	5	true
101	A man pours oil into a pot.	A adult male pours oil into a toilet.	4	true
102	A man pours oil into a pot.	angstrom man pour oil into a pot.	3	true
103	A man pours oil into a pot.	A man pours oil color into a lavatory.	2	true
104	A man pours oil into a pot.	angstrom man swarm oil into angstrom pot.	1	true
105	A man is playing a guitar.	A man is playing a guitar.	5	true
106	A man is playing a guitar.	angstrom man is playing a guitar.	4	true
107	A man is playing a guitar.	A adult male be playing a guitar.	3	true
108	A man is playing a guitar.	angstrom adult male is acting a guitar.	2	true
109	A man is playing a guitar.	angstrom adult male is playing angstrom guitar.	1	true
110	A panda is sliding down a slide.	A panda is sliding down a slide.	5	true
111	A panda is sliding down a slide.	angstrom panda is sliding down angstrom slide.	4	true
112	A panda is sliding down a slide.	A panda is skid down angstrom unit slide.	3	true
113	A panda is sliding down a slide.	A panda is skid down feather a microscope slide.	2	true
114	A panda is sliding down a slide.	angstrom panda be skid down feather a slide.	1	true
115	A woman is eating something.	A woman is eating something.	5	true
116	A woman is eating something.	angstrom unit woman is eating something.	4	true
117	A woman is eating something.	angstrom woman be eating something.	3	true
118	A woman is eating something.	A woman is eating something.	2	true
119	A woman is eating something.	angstrom adult female is feeding something.	1	true
120	A woman peels a potato.	A woman peels a potato.	5	true
121	A woman peels a potato.	A adult female Peel a potato.	4	true
122	A woman peels a potato.	A woman peels angstrom white potato.	3	true
123	A woman peels a potato.	angstrom adult female peels a potato.	2	true
124	A woman peels a potato.	A adult female Peel angstrom white potato.	1	true
125	The boy fell off his bike.	The boy fell off his bike.	5	true
126	The boy fell off his bike.	The male child fell off his bike.	4	true
127	The boy fell off his bike.	The boy hide off his bike.	3	true
128	The boy fell off his bike.	The boy hide off his bike.	2	true
129	The boy fell off his bike.	The male child hide off his bike.	1	true
130	The woman is playing the flute.	The woman is playing the flute.	5	true
131	The woman is playing the flute.	The woman is acting the flute.	4	true
132	The woman is playing the flute.	The adult female beryllium playing the flute.	3	true
133	The woman is playing the flute.	The woman is playing the transverse flute.	2	true
134	The woman is playing the flute.	The woman is acting the flute.	1	true
135	A rabbit is running from an eagle.	A rabbit is running from an eagle.	5	true
136	A rabbit is running from an eagle.	A rabbit is run from an bird of Jove.	4	true
137	A rabbit is running from an eagle.	A rabbit be run from an eagle.	3	true
138	A rabbit is running from an eagle.	angstrom rabbit is tally from an eagle.	2	true
139	A rabbit is running from an eagle.	A rabbit is running from Associate in Nursing bird of Jove.	1	true
140	The woman is frying a breaded pork chop.	The woman is frying a breaded pork chop.	5	true
141	The woman is frying a breaded pork chop.	The woman is frying angstrom breaded pork chop shot.	4	true
142	The woman is frying a breaded pork chop.	The woman be frying angstrom breaded porc chop.	3	true
143	The woman is frying a breaded pork chop.	The woman is sauteing angstrom breaded pork chop.	2	true
144	The woman is frying a breaded pork chop.	The woman be frying angstrom unit breaded porc chop.	1	true
145	A girl is flying a kite.	A girl is flying a kite.	5	true
146	A girl is flying a kite.	A girl is flying a kite.	4	true
147	A girl is flying a kite.	angstrom miss is flying angstrom kite.	3	true
148	A girl is flying a kite.	angstrom girl is flight angstrom kite.	2	true
149	A girl is flying a kite.	A girl be flying angstrom kite.	1	true
150	A man is riding a mechanical bull.	A man is riding a mechanical bull.	5	true
151	A man is riding a mechanical bull.	A man be riding a mechanically skillful bull.	4	true
152	A man is riding a mechanical bull.	angstrom man is horseback riding a mechanically skillful bull.	3	true
153	A man is riding a mechanical bull.	A man is horseback riding a mechanically skillful bull.	2	true
154	A man is riding a mechanical bull.	angstrom unit adult male is riding angstrom mechanical bull.	1	true
155	The man is playing the guitar.	The man is playing the guitar.	5	true
156	The man is playing the guitar.	The man is playing the guitar.	4	true
157	The man is playing the guitar.	The man is acting the guitar.	3	true
158	The man is playing the guitar.	The man is playing the guitar.	2	true
159	The man is playing the guitar.	The adult male is acting the guitar.	1	true
160	A woman is dancing and singing with other women.	A woman is dancing and singing with other women.	5	true
161	A woman is dancing and singing with other women.	A woman is dancing and singing with early women.	4	true
162	A woman is dancing and singing with other women.	A woman is dancing and singing with other woman.	3	true
163	A woman is dancing and singing with other women.	A adult female is dancing and singing with other women.	2	true
164	A woman is dancing and singing with other women.	A woman be dancing and vocalizing with other women.	1	true
165	A man is slicing a bun.	A man is slicing a bun.	5	true
166	A man is slicing a bun.	angstrom adult male is slicing a bun.	4	true
167	A man is slicing a bun.	angstrom man beryllium slicing a bun.	3	true
168	A man is slicing a bun.	angstrom man beryllium slicing a bun.	2	true
169	A man is slicing a bun.	angstrom man is slice angstrom unit bun.	1	true
170	A man is pouring oil into a pan.	A man is pouring oil into a pan.	5	true
171	A man is pouring oil into a pan.	A man be pouring oil into angstrom pan.	4	true
172	A man is pouring oil into a pan.	A adult male is pour oil color into a pan.	3	true
173	A man is pouring oil into a pan.	angstrom man be pour oil into a pan.	2	true
174	A man is pouring oil into a pan.	A man is pour oil color into a cooking pan.	1	true
175	A lion is playing with people.	A lion is playing with people.	5	true
176	A lion is playing with people.	A lion is acting with people.	4	true
177	A lion is playing with people.	A lion be acting with citizenry.	3	true
178	A lion is playing with people.	A king of beasts is playing with citizenry.	2	true
179	A lion is playing with people.	angstrom king of beasts is playing with citizenry.	1	true
180	A dog rides a skateboard.	A dog rides a skateboard.	5	true
181	A dog rides a skateboard.	A domestic dog rides a skateboard.	4	true
182	A dog rides a skateboard.	A domestic dog rides angstrom skateboard.	3	true
183	A dog rides a skateboard.	A dog drive angstrom skateboard.	2	true
184	A dog rides a skateboard.	A dog rides angstrom skateboard.	1	true
185	Someone is carving a statue.	Someone is carving a statue.	5	true
186	Someone is carving a statue.	Someone is carving angstrom statue.	4	true
187	Someone is carving a statue.	person be carving a statue.	3	true
188	Someone is carving a statue.	Someone is carving angstrom statue.	2	true
189	Someone is carving a statue.	Someone is film editing a statue.	1	true
190	A woman is slicing an onion.	A woman is slicing an onion.	5	true
191	A woman is slicing an onion.	A adult female is slicing an onion plant.	4	true
192	A woman is slicing an onion.	angstrom woman be slicing Associate in Nursing onion.	3	true
193	A woman is slicing an onion.	angstrom adult female is slice an onion.	2	true
194	A woman is slicing an onion.	angstrom adult female is slicing Associate in Nursing onion plant.	1	true
195	A woman peels shrimp.	A woman peels shrimp.	5	true
196	A woman peels shrimp.	A woman Peel runt.	4	true
197	A woman peels shrimp.	angstrom woman peels shrimp.	3	true
198	A woman peels shrimp.	angstrom unit woman Peel shrimp.	2	true
199	A woman peels shrimp.	angstrom adult female peels runt.	1	true
200	A woman is frying fish.	A woman is frying fish.	5	true
201	A woman is frying fish.	A woman be frying Pisces.	4	true
202	A woman is frying fish.	A woman be sauteing Pisces.	3	true
203	A woman is frying fish.	angstrom woman beryllium frying fish.	2	true
204	A woman is frying fish.	angstrom woman be sauteing Pisces.	1	true
205	A woman is playing an electric guitar.	A woman is playing an electric guitar.	5	true
206	A woman is playing an electric guitar.	angstrom adult female is playing an electric guitar.	4	true
207	A woman is playing an electric guitar.	A woman beryllium playing an electric automobile guitar.	3	true
208	A woman is playing an electric guitar.	A woman is playing Associate in Nursing electric automobile guitar.	2	true
209	A woman is playing an electric guitar.	angstrom unit woman is playing an electric automobile guitar.	1	true
210	A baby tiger is playing with a ball.	A baby tiger is playing with a ball.	5	true
211	A baby tiger is playing with a ball.	A baby tiger be playing with angstrom ball.	4	true
212	A baby tiger is playing with a ball.	A baby Panthera tigris be playing with angstrom ball.	3	true
213	A baby tiger is playing with a ball.	A babe tiger is playing with angstrom unit ball.	2	true
214	A baby tiger is playing with a ball.	angstrom unit baby tiger is playing with a musket ball.	1	true
215	A person is slicing a tomato.	A person is slicing a tomato.	5	true
216	A person is slicing a tomato.	A person is slicing angstrom unit tomato.	4	true
217	A person is slicing a tomato.	A person is slicing angstrom unit love apple.	3	true
218	A person is slicing a tomato.	A person is slicing angstrom love apple.	2	true
219	A person is slicing a tomato.	A individual be slice angstrom tomato.	1	true
220	A person cuts an onion.	A person cuts an onion.	5	true
221	A person cuts an onion.	A individual cuts Associate in Nursing onion.	4	true
222	A person cuts an onion.	A individual cuts Associate in Nursing onion.	3	true
223	A person cuts an onion.	A individual cuts Associate in Nursing onion plant.	2	true
224	A person cuts an onion.	angstrom person cuts an onion plant.	1	true
225	A man is playing the piano.	A man is playing the piano.	5	true
226	A man is playing the piano.	A adult male is playing the pianoforte.	4	true
227	A man is playing the piano.	A adult male be playing the pianoforte.	3	true
228	A man is playing the piano.	A adult male is playing the pianoforte.	2	true
229	A man is playing the piano.	angstrom man be acting the piano.	1	true
230	A woman is playing the flute.	A woman is playing the flute.	5	true
231	A woman is playing the flute.	A adult female is playing the flute.	4	true
232	A woman is playing the flute.	A adult female be playing the transverse flute.	3	true
233	A woman is playing the flute.	A adult female be playing the flute.	2	true
234	A woman is playing the flute.	A woman be playing the transverse flute.	1	true
235	A man is cutting up a potato.	A man is cutting up a potato.	5	true
236	A man is cutting up a potato.	A man is film editing up a white potato.	4	true
237	A man is cutting up a potato.	A man is film editing up a white potato.	3	true
238	A man is cutting up a potato.	angstrom man is cutting astir a white potato.	2	true
239	A man is cutting up a potato.	angstrom man is cutting astir angstrom unit potato.	1	true
240	A kid is playing guitar.	A kid is playing guitar.	5	true
241	A kid is playing guitar.	angstrom kid is acting guitar.	4	true
242	A kid is playing guitar.	A kid beryllium playing guitar.	3	true
243	A kid is playing guitar.	A child is playing guitar.	2	true
244	A kid is playing guitar.	angstrom unit kid be acting guitar.	1	true
245	A boy is playing guitar.	A boy is playing guitar.	5	true
246	A boy is playing guitar.	A boy is playing guitar.	4	true
247	A boy is playing guitar.	A boy be acting guitar.	3	true
248	A boy is playing guitar.	angstrom boy be acting guitar.	2	true
249	A boy is playing guitar.	A male child beryllium playing guitar.	1	true
250	A man is playing guitar.	A man is playing guitar.	5	true
251	A man is playing guitar.	A adult male be playing guitar.	4	true
252	A man is playing guitar.	A adult male be acting guitar.	3	true
253	A man is playing guitar.	A man beryllium playing guitar.	2	true
254	A man is playing guitar.	A adult male is playing guitar.	1	true
255	A little boy is playing a keyboard.	A little boy is playing a keyboard.	5	true
256	A little boy is playing a keyboard.	angstrom small boy is playing a keyboard.	4	true
257	A little boy is playing a keyboard.	A little boy be playing a keyboard.	3	true
258	A little boy is playing a keyboard.	angstrom little male child is acting a keyboard.	2	true
259	A little boy is playing a keyboard.	angstrom little male child be acting a keyboard.	1	true
260	A man is playing a guitar.	A man is playing a guitar.	5	true
261	A man is playing a guitar.	A adult male be playing a guitar.	4	true
262	A man is playing a guitar.	A adult male is playing a guitar.	3	true
263	A man is playing a guitar.	A man be acting a guitar.	2	true
264	A man is playing a guitar.	A man beryllium acting angstrom guitar.	1	true
265	A dog licks a baby.	A dog licks a baby.	5	true
266	A dog licks a baby.	A dog salt lick a babe.	4	true
267	A dog licks a baby.	angstrom dog licks a baby.	3	true
268	A dog licks a baby.	angstrom dog salt lick a babe.	2	true
269	A dog licks a baby.	angstrom unit dog licks angstrom babe.	1	true
270	A woman is slicing an onion.	A woman is slicing an onion.	5	true
271	A woman is slicing an onion.	angstrom woman is slicing Associate in Nursing onion.	4	true
272	A woman is slicing an onion.	A woman beryllium slicing Associate in Nursing onion.	3	true
273	A woman is slicing an onion.	A woman be piece an onion.	2	true
274	A woman is slicing an onion.	angstrom adult female is slicing Associate in Nursing onion plant.	1	true
275	A man is playing the guitar.	A man is playing the guitar.	5	true
276	A man is playing the guitar.	A adult male is playing the guitar.	4	true
277	A man is playing the guitar.	angstrom adult male be playing the guitar.	3	true
278	A man is playing the guitar.	A man beryllium playing the guitar.	2	true
279	A man is playing the guitar.	A man be playing the guitar.	1	true
280	A woman is slicing a pepper.	A woman is slicing a pepper.	5	true
281	A woman is slicing a pepper.	A woman is slicing angstrom common pepper.	4	true
282	A woman is slicing a pepper.	A adult female is piece a pepper.	3	true
283	A woman is slicing a pepper.	angstrom woman is slicing angstrom unit pepper.	2	true
284	A woman is slicing a pepper.	A adult female be slice a common pepper.	1	true
285	A man is playing the drums.	A man is playing the drums.	5	true
286	A man is playing the drums.	A adult male be playing the drums.	4	true
287	A man is playing the drums.	A adult male is acting the drum.	3	true
288	A man is playing the drums.	A man be acting the drum.	2	true
289	A man is playing the drums.	angstrom man be acting the drum.	1	true
290	A woman rides a horse.	A woman rides a horse.	5	true
291	A woman rides a horse.	A woman thrust a horse.	4	true
292	A woman rides a horse.	A adult female thrust a horse.	3	true
293	A woman rides a horse.	angstrom adult female rides angstrom horse.	2	true
294	A woman rides a horse.	angstrom woman drive a Equus caballus.	1	true
295	A man is eating a banana by a tree.	A man is eating a banana by a tree.	5	true
296	A man is eating a banana by a tree.	A man is feeding a banana by a tree diagram.	4	true
297	A man is eating a banana by a tree.	A man be eating angstrom banana tree by a tree.	3	true
298	A man is eating a banana by a tree.	A man is feeding a banana tree past a tree.	2	true
299	A man is eating a banana by a tree.	angstrom man is feeding a banana by angstrom tree diagram.	1	true
300	A cat is playing a key board.	A cat is playing a key board.	5	true
301	A cat is playing a key board.	A cat is playing a key board.	4	true
302	A cat is playing a key board.	A cat is acting a tonality plank.	3	true
303	A cat is playing a key board.	A cat be playing angstrom tonality board.	2	true
304	A cat is playing a key board.	angstrom cat be playing angstrom key plank.	1	true
305	A man chops down a tree with an axe.	A man chops down a tree with an axe.	5	true
306	A man chops down a tree with an axe.	A man chop shot down a tree with an axe.	4	true
307	A man chops down a tree with an axe.	A adult male chops down a tree diagram with an axe.	3	true
308	A man chops down a tree with an axe.	A adult male chop down a tree with Associate in Nursing axe.	2	true
309	A man chops down a tree with an axe.	angstrom man chop down a tree with an axe.	1	true
310	A kid plays with a toy phone.	A kid plays with a toy phone.	5	true
311	A kid plays with a toy phone.	A child plays with angstrom toy phone.	4	true
312	A kid plays with a toy phone.	A child plays with angstrom toy telephone.	3	true
313	A kid plays with a toy phone.	angstrom kid play with a toy telephone.	2	true
314	A kid plays with a toy phone.	A child play with a toy telephone.	1	true
315	A man is riding a motorcycle.	A man is riding a motorcycle.	5	true
316	A man is riding a motorcycle.	A adult male is horseback riding a motorcycle.	4	true
317	A man is riding a motorcycle.	A adult male is horseback riding a bike.	3	true
318	A man is riding a motorcycle.	A adult male is riding angstrom unit motorcycle.	2	true
319	A man is riding a motorcycle.	angstrom unit man is horseback riding a bike.	1	true
320	A man is riding a motorcycle.	A man is riding a motorcycle.	5	true
321	A man is riding a motorcycle.	angstrom man is riding a bike.	4	true
322	A man is riding a motorcycle.	angstrom man is horseback riding a bike.	3	true
323	A man is riding a motorcycle.	A man be riding angstrom unit motorcycle.	2	true
324	A man is riding a motorcycle.	angstrom man be horseback riding a bike.	1	true
325	A squirrel is spinning around in circles.	A squirrel is spinning around in circles.	5	true
326	A squirrel is spinning around in circles.	A squirrel is spin around in circle.	4	true
327	A squirrel is spinning around in circles.	angstrom squirrel is spin around inch circles.	3	true
328	A squirrel is spinning around in circles.	angstrom squirrel be spin around in circles.	2	true
329	A squirrel is spinning around in circles.	angstrom squirrel beryllium spinning around in circles.	1	true
330	A man and a woman are kissing.	A man and a woman are kissing.	5	true
331	A man and a woman are kissing.	angstrom man and a woman ar kissing.	4	true
332	A man and a woman are kissing.	angstrom man and a woman are caressing.	3	true
333	A man and a woman are kissing.	A man and a adult female ar caressing.	2	true
334	A man and a woman are kissing.	A adult male and a adult female are kissing.	1	true
335	A man is getting into a car.	A man is getting into a car.	5	true
336	A man is getting into a car.	A man is acquiring into angstrom car.	4	true
337	A man is getting into a car.	angstrom adult male is getting into a car.	3	true
338	A man is getting into a car.	angstrom man is acquiring into angstrom car.	2	true
339	A man is getting into a car.	angstrom man is acquiring into a car.	1	true
340	A man is dancing.	A man is dancing.	5	true
341	A man is dancing.	A man be dance.	4	true
342	A man is dancing.	angstrom adult male is dance.	3	true
343	A man is dancing.	A adult male be dance.	2	true
344	A man is dancing.	angstrom adult male beryllium dancing.	1	true
345	A man is playing the guitar and singing.	A man is playing the guitar and singing.	5	true
346	A man is playing the guitar and singing.	A man is playing the guitar and singing.	4	true
347	A man is playing the guitar and singing.	angstrom man is acting the guitar and singing.	3	true
348	A man is playing the guitar and singing.	angstrom man is acting the guitar and singing.	2	true
349	A man is playing the guitar and singing.	angstrom adult male beryllium playing the guitar and singing.	1	true
350	A person is cutting mushrooms.	A person is cutting mushrooms.	5	true
351	A person is cutting mushrooms.	angstrom person be cutting mushrooms.	4	true
352	A person is cutting mushrooms.	A person is cutting mushroom.	3	true
353	A person is cutting mushrooms.	A person beryllium film editing mushrooms.	2	true
354	A person is cutting mushrooms.	A individual be film editing mushroom.	1	true
355	A tiger cub is making a sound.	A tiger cub is making a sound.	5	true
356	A tiger cub is making a sound.	A Panthera tigris cub is making a auditory sensation.	4	true
357	A tiger cub is making a sound.	A Panthera tigris greenhorn is making a auditory sensation.	3	true
358	A tiger cub is making a sound.	angstrom unit tiger greenhorn is making a sound.	2	true
359	A tiger cub is making a sound.	angstrom tiger cub be making angstrom unit sound.	1	true
360	A person is slicing onions.	A person is slicing onions.	5	true
361	A person is slicing onions.	A individual is slicing onion.	4	true
362	A person is slicing onions.	A person be slicing onions.	3	true
363	A person is slicing onions.	A person is slicing onion.	2	true
364	A person is slicing onions.	angstrom person beryllium slice onions.	1	true
365	A man is playing the piano.	A man is playing the piano.	5	true
366	A man is playing the piano.	A man beryllium playing the piano.	4	true
367	A man is playing the piano.	A adult male beryllium playing the piano.	3	true
368	A man is playing the piano.	A adult male beryllium playing the piano.	2	true
369	A man is playing the piano.	angstrom unit man be playing the piano.	1	true
370	A woman is peeling a potato.	A woman is peeling a potato.	5	true
371	A woman is peeling a potato.	A woman is desquamation angstrom potato.	4	true
372	A woman is peeling a potato.	angstrom adult female is peeling a white potato.	3	true
373	A woman is peeling a potato.	A adult female is desquamation a potato.	2	true
374	A woman is peeling a potato.	angstrom woman Be peeling a potato.	1	true
375	A pankda is eating bamboo.	A pankda is eating bamboo.	5	true
376	A pankda is eating bamboo.	A pankda is eating bamboo.	4	true
377	A pankda is eating bamboo.	angstrom pankda is eating bamboo.	3	true
378	A pankda is eating bamboo.	A pankda is eating bamboo.	2	true
379	A pankda is eating bamboo.	angstrom pankda be eating bamboo.	1	true
380	A person is peeling an onion.	A person is peeling an onion.	5	true
381	A person is peeling an onion.	A person be peeling an onion plant.	4	true
382	A person is peeling an onion.	angstrom person is peeling Associate in Nursing onion plant.	3	true
383	A person is peeling an onion.	A person beryllium peeling Associate in Nursing onion.	2	true
384	A person is peeling an onion.	angstrom person beryllium peeling Associate in Nursing onion.	1	true
385	A monkey pushes another monkey.	A monkey pushes another monkey.	5	true
386	A monkey pushes another monkey.	angstrom monkey push another monkey.	4	true
387	A monkey pushes another monkey.	A imp push another imp.	3	true
388	A monkey pushes another monkey.	angstrom unit monkey push another monkey.	2	true
389	A monkey pushes another monkey.	angstrom monkey push some other monkey.	1	true
390	A squirrel runs around in circles.	A squirrel runs around in circles.	5	true
391	A squirrel runs around in circles.	A squirrel tally around in circles.	4	true
392	A squirrel runs around in circles.	angstrom squirrel runs astir in circles.	3	true
393	A squirrel runs around in circles.	angstrom unit squirrel runs around in circle.	2	true
394	A squirrel runs around in circles.	angstrom squirrel run about inch circles.	1	true
395	A man is tying his shoe.	A man is tying his shoe.	5	true
396	A man is tying his shoe.	A man is tying his shoe.	4	true
397	A man is tying his shoe.	A adult male is tying his horseshoe.	3	true
398	A man is tying his shoe.	A adult male be tying his horseshoe.	2	true
399	A man is tying his shoe.	angstrom adult male be ligature his shoe.	1	true
400	A boy is singing and playing the piano.	A boy is singing and playing the piano.	5	true
401	A boy is singing and playing the piano.	angstrom boy is singing and playing the piano.	4	true
402	A boy is singing and playing the piano.	angstrom boy is singing and playing the piano.	3	true
403	A boy is singing and playing the piano.	A male child is singing and acting the piano.	2	true
404	A boy is singing and playing the piano.	A boy is vocalizing and playing the pianoforte.	1	true
405	A dog is eating water melon.	A dog is eating water melon.	5	true
406	A dog is eating water melon.	angstrom dog is eating water melon vine.	4	true
407	A dog is eating water melon.	A dog beryllium eating H2O melon.	3	true
408	A dog is eating water melon.	angstrom dog be eating water melon vine.	2	true
409	A dog is eating water melon.	angstrom domestic dog is feeding H2O melon.	1	true
410	A woman is chopping broccoli.	A woman is chopping broccoli.	5	true
411	A woman is chopping broccoli.	A woman is chop Brassica oleracea italica.	4	true
412	A woman is chopping broccoli.	A adult female be chopping Brassica oleracea italica.	3	true
413	A woman is chopping broccoli.	A adult female is chop Brassica oleracea italica.	2	true
414	A woman is chopping broccoli.	angstrom adult female is chop shot broccoli.	1	true
415	A man is peeling a potato.	A man is peeling a potato.	5	true
416	A man is peeling a potato.	A adult male is peeling a white potato.	4	true
417	A man is peeling a potato.	A adult male be peeling a white potato.	3	true
418	A man is peeling a potato.	angstrom man is peeling a potato.	2	true
419	A man is peeling a potato.	A man beryllium peeling angstrom unit potato.	1	true
420	A woman is playing a guitar.	A woman is playing a guitar.	5	true
421	A woman is playing a guitar.	A woman be acting a guitar.	4	true
422	A woman is playing a guitar.	A woman be playing angstrom guitar.	3	true
423	A woman is playing a guitar.	angstrom woman is playing angstrom unit guitar.	2	true
424	A woman is playing a guitar.	A woman beryllium playing angstrom guitar.	1	true
425	A woman is slicing tomato.	A woman is slicing tomato.	5	true
426	A woman is slicing tomato.	A woman be slicing love apple.	4	true
427	A woman is slicing tomato.	A woman is piece love apple.	3	true
428	A woman is slicing tomato.	angstrom adult female be slicing tomato.	2	true
429	A woman is slicing tomato.	A adult female be piece tomato.	1	true
430	A man swims underwater.	A man swims underwater.	5	true
431	A man swims underwater.	A man swimming submerged.	4	true
432	A man swims underwater.	angstrom unit man swims submerged.	3	true
433	A man swims underwater.	A adult male swims underwater.	2	true
434	A man swims underwater.	angstrom unit adult male swimming underwater.	1	true
435	A man and woman are talking.	A man and woman are talking.	5	true
436	A man and woman are talking.	angstrom man and woman are talk.	4	true
437	A man and woman are talking.	A man and adult female ar talk.	3	true
438	A man and woman are talking.	angstrom man and woman are talking.	2	true
439	A man and woman are talking.	angstrom adult male and woman are talking.	1	true
440	A small dog is chasing a yoga ball.	A small dog is chasing a yoga ball.	5	true
441	A small dog is chasing a yoga ball.	A little dog is chasing angstrom yoga ball.	4	true
442	A small dog is chasing a yoga ball.	A small dog is chase angstrom yoga musket ball.	3	true
443	A small dog is chasing a yoga ball.	angstrom small dog is chasing a yoga ball.	2	true
444	A small dog is chasing a yoga ball.	A small domestic dog is chasing a yoga ball.	1	true
445	The men are playing cricket.	The men are playing cricket.	5	true
446	The men are playing cricket.	The work force ar playing cricket.	4	true
447	The men are playing cricket.	The men ar acting cricket.	3	true
448	The men are playing cricket.	The men ar playing cricket.	2	true
449	The men are playing cricket.	The men ar playing cricket.	1	true
450	A man rides off on a motorcycle.	A man rides off on a motorcycle.	5	true
451	A man rides off on a motorcycle.	A man drive off along a motorcycle.	4	true
452	A man rides off on a motorcycle.	A adult male rides off along angstrom motorcycle.	3	true
453	A man rides off on a motorcycle.	angstrom adult male rides murder on a motorcycle.	2	true
454	A man rides off on a motorcycle.	A man drive off on angstrom motorcycle.	1	true
455	A man is playing a guitar.	A man is playing a guitar.	5	true
456	A man is playing a guitar.	angstrom man is playing a guitar.	4	true
457	A man is playing a guitar.	A man be acting a guitar.	3	true
458	A man is playing a guitar.	angstrom man be playing a guitar.	2	true
459	A man is playing a guitar.	angstrom adult male beryllium playing a guitar.	1	true
460	The man talked on the telephone.	The man talked on the telephone.	5	true
461	The man talked on the telephone.	The man talked on the telephone.	4	true
462	The man talked on the telephone.	The adult male talked along the phone.	3	true
463	The man talked on the telephone.	The man talked along the telephone.	2	true
464	The man talked on the telephone.	The adult male talked on the telephone.	1	true
465	A man is fishing.	A man is fishing.	5	true
466	A man is fishing.	angstrom adult male is fishing.	4	true
467	A man is fishing.	angstrom unit adult male is fishing.	3	true
468	A man is fishing.	angstrom unit man be fishing.	2	true
469	A man is fishing.	angstrom adult male is fishing.	1	true
470	A man is levitating.	A man is levitating.	5	true
471	A man is levitating.	angstrom man be levitating.	4	true
472	A man is levitating.	angstrom adult male be levitating.	3	true
473	A man is levitating.	angstrom adult male be levitating.	2	true
474	A man is levitating.	angstrom adult male is levitate.	1	true
475	Two boys are driving.	Two boys are driving.	5	true
476	Two boys are driving.	two boys are driving.	4	true
477	Two boys are driving.	2 male child ar driving.	3	true
478	Two boys are driving.	Two boys argon drive.	2	true
479	Two boys are driving.	2 male child ar driving.	1	true
480	A man is riding on a horse.	A man is riding on a horse.	5	true
481	A man is riding on a horse.	A adult male is riding on a Equus caballus.	4	true
482	A man is riding on a horse.	A adult male is riding along a Equus caballus.	3	true
483	A man is riding on a horse.	angstrom man is riding on angstrom unit horse.	2	true
484	A man is riding on a horse.	angstrom adult male be riding along a horse.	1	true
485	A man is riding a bicycle.	A man is riding a bicycle.	5	true
486	A man is riding a bicycle.	angstrom adult male is riding a bicycle.	4	true
487	A man is riding a bicycle.	A adult male beryllium riding a bicycle.	3	true
488	A man is riding a bicycle.	A man is horseback riding angstrom bicycle.	2	true
489	A man is riding a bicycle.	A man be riding angstrom unit bike.	1	true
490	A man is slicing potatoes.	A man is slicing potatoes.	5	true
491	A man is slicing potatoes.	A man is slice potato.	4	true
492	A man is slicing potatoes.	angstrom adult male is slicing potato.	3	true
493	A man is slicing potatoes.	A man be slice potato.	2	true
494	A man is slicing potatoes.	A adult male is part potatoes.	1	true
495	A woman is peeling a potato.	A woman is peeling a potato.	5	true
496	A woman is peeling a potato.	A adult female be peeling a potato.	4	true
497	A woman is peeling a potato.	angstrom woman is peeling angstrom white potato.	3	true
498	A woman is peeling a potato.	A woman be peeling a potato.	2	true
499	A woman is peeling a potato.	angstrom woman is peeling a white potato.	1	true
500	A man is playing a guitar.	A man is playing a guitar.	5	true
501	A man is playing a guitar.	angstrom unit man is playing a guitar.	4	true
502	A man is playing a guitar.	A man is acting a guitar.	3	true
503	A man is playing a guitar.	angstrom adult male is playing angstrom guitar.	2	true
504	A man is playing a guitar.	A adult male is playing a guitar.	1	true
505	A woman is slicing a leek.	A woman is slicing a leek.	5	true
506	A woman is slicing a leek.	A woman is slice a scallion.	4	true
507	A woman is slicing a leek.	angstrom woman be slicing angstrom leek.	3	true
508	A woman is slicing a leek.	angstrom woman beryllium slicing a leek.	2	true
509	A woman is slicing a leek.	angstrom adult female is slice angstrom leek.	1	true
510	The man cut a paper plate.	The man cut a paper plate.	5	true
511	The man cut a paper plate.	The man gash a paper plate.	4	true
512	The man cut a paper plate.	The man gash a paper home plate.	3	true
513	The man cut a paper plate.	The adult male gash a paper plate.	2	true
514	The man cut a paper plate.	The man cut angstrom unit paper home plate.	1	true
515	The man is playing the guitar.	The man is playing the guitar.	5	true
516	The man is playing the guitar.	The man is acting the guitar.	4	true
517	The man is playing the guitar.	The man beryllium playing the guitar.	3	true
518	The man is playing the guitar.	The man be acting the guitar.	2	true
519	The man is playing the guitar.	The adult male is acting the guitar.	1	true
520	A man is playing the piano.	A man is playing the piano.	5	true
521	A man is playing the piano.	angstrom man is acting the piano.	4	true
522	A man is playing the piano.	angstrom man be playing the pianoforte.	3	true
523	A man is playing the piano.	angstrom adult male is acting the piano.	2	true
524	A man is playing the piano.	angstrom unit man be acting the piano.	1	true
525	A woman is slicing up some meat.	A woman is slicing up some meat.	5	true
526	A woman is slicing up some meat.	A woman be slicing astir some meat.	4	true
527	A woman is slicing up some meat.	A woman is slicing up approximately meat.	3	true
528	A woman is slicing up some meat.	angstrom woman be slice up some meat.	2	true
529	A woman is slicing up some meat.	angstrom woman be piece up some meat.	1	true
530	A man is playing on his keyboard.	A man is playing on his keyboard.	5	true
531	A man is playing on his keyboard.	A man is playing on his keyboard.	4	true
532	A man is playing on his keyboard.	A man be acting along his keyboard.	3	true
533	A man is playing on his keyboard.	A adult male is playing on his keyboard.	2	true
534	A man is playing on his keyboard.	A adult male is playing on his keyboard.	1	true
535	The lady chopped up the green onions.	The lady chopped up the green onions.	5	true
536	The lady chopped up the green onions.	The lady chopped astir the greenness onions.	4	true
537	The lady chopped up the green onions.	The dame chopped astir the green onions.	3	true
538	The lady chopped up the green onions.	The dame chopped up the verdancy onions.	2	true
539	The lady chopped up the green onions.	The lady chop shot astir the green onions.	1	true
540	Someone is sitring noodles in water.	Someone is sitring noodles in water.	5	true
541	Someone is sitring noodles in water.	Someone is sitring noodle in water.	4	true
542	Someone is sitring noodles in water.	Someone be sitring noodles inch water.	3	true
543	Someone is sitring noodles in water.	Someone be sitring noodle in water.	2	true
544	Someone is sitring noodles in water.	Someone be sitring noodles in H2O.	1	true
545	Lionel Richie is dancing on the ceiling.	Lionel Richie is dancing on the ceiling.	5	true
546	Lionel Richie is dancing on the ceiling.	Lionel Richie is dancing on the roof.	4	true
547	Lionel Richie is dancing on the ceiling.	Lionel Richie is dancing along the ceiling.	3	true
548	Lionel Richie is dancing on the ceiling.	Lionel Richie is dancing on the roof.	2	true
549	Lionel Richie is dancing on the ceiling.	Lionel Richie is dance on the roof.	1	true
550	A man is playing a piano.	A man is playing a piano.	5	true
551	A man is playing a piano.	angstrom man is playing a pianoforte.	4	true
552	A man is playing a piano.	A man is playing angstrom piano.	3	true
553	A man is playing a piano.	A adult male is acting angstrom piano.	2	true
554	A man is playing a piano.	A man Be playing angstrom piano.	1	true
555	A woman is playing flute.	A woman is playing flute.	5	true
556	A woman is playing flute.	angstrom woman is playing transverse flute.	4	true
557	A woman is playing flute.	angstrom woman be playing transverse flute.	3	true
558	A woman is playing flute.	angstrom woman be playing transverse flute.	2	true
559	A woman is playing flute.	angstrom woman be playing flute.	1	true
560	A boy is checking a calender.	A boy is checking a calender.	5	true
561	A boy is checking a calender.	A male child be checking a calender.	4	true
562	A boy is checking a calender.	angstrom unit boy is checking angstrom calender.	3	true
563	A boy is checking a calender.	A boy be check angstrom calender.	2	true
564	A boy is checking a calender.	angstrom boy be checking angstrom unit calender.	1	true
565	A woman is cutting an onion.	A woman is cutting an onion.	5	true
566	A woman is cutting an onion.	A woman is film editing Associate in Nursing onion.	4	true
567	A woman is cutting an onion.	angstrom woman is film editing an onion.	3	true
568	A woman is cutting an onion.	angstrom woman be film editing an onion.	2	true
569	A woman is cutting an onion.	A adult female be cutting an onion plant.	1	true
570	A man is playing guitar.	A man is playing guitar.	5	true
571	A man is playing guitar.	A man beryllium playing guitar.	4	true
572	A man is playing guitar.	A man be acting guitar.	3	true
573	A man is playing guitar.	angstrom man is playing guitar.	2	true
574	A man is playing guitar.	angstrom man is acting guitar.	1	true
575	A woman is using a sewing machine.	A woman is using a sewing machine.	5	true
576	A woman is using a sewing machine.	A woman be exploitation a sewing machine.	4	true
577	A woman is using a sewing machine.	A woman is using a stitching machine.	3	true
578	A woman is using a sewing machine.	A adult female is using a stitching simple machine.	2	true
579	A woman is using a sewing machine.	A adult female is exploitation angstrom stitching machine.	1	true
580	A woman is flipping pancakes.	A woman is flipping pancakes.	5	true
581	A woman is flipping pancakes.	A adult female is flipping pancakes.	4	true
582	A woman is flipping pancakes.	A adult female beryllium flipping pancakes.	3	true
583	A woman is flipping pancakes.	angstrom adult female is flip pancakes.	2	true
584	A woman is flipping pancakes.	A adult female is flip pancake.	1	true
585	A man is running on the road.	A man is running on the road.	5	true
586	A man is running on the road.	angstrom adult male is running on the road.	4	true
587	A man is running on the road.	angstrom unit man is running along the road.	3	true
588	A man is running on the road.	A man be running along the road.	2	true
589	A man is running on the road.	A man beryllium running on the route.	1	true
590	A man is riding on a horse.	A man is riding on a horse.	5	true
591	A man is riding on a horse.	angstrom man is riding on a Equus caballus.	4	true
592	A man is riding on a horse.	A adult male is riding along angstrom horse.	3	true
593	A man is riding on a horse.	angstrom man is riding along angstrom horse.	2	true
594	A man is riding on a horse.	angstrom adult male be riding on a Equus caballus.	1	true
595	A man is riding a bike.	A man is riding a bike.	5	true
596	A man is riding a bike.	A adult male is riding angstrom bike.	4	true
597	A man is riding a bike.	angstrom man is riding angstrom unit bike.	3	true
598	A man is riding a bike.	angstrom adult male is riding a motorcycle.	2	true
599	A man is riding a bike.	angstrom adult male is riding angstrom motorcycle.	1	true
600	A woman is dancing.	A woman is dancing.	5	true
601	A woman is dancing.	A adult female is dancing.	4	true
602	A woman is dancing.	angstrom woman be dance.	3	true
603	A woman is dancing.	A woman beryllium dance.	2	true
604	A woman is dancing.	A adult female be dancing.	1	true
605	A man is playing a piano.	A man is playing a piano.	5	true
606	A man is playing a piano.	angstrom man is acting a piano.	4	true
607	A man is playing a piano.	angstrom unit man be playing a piano.	3	true
608	A man is playing a piano.	A man is playing a pianoforte.	2	true
609	A man is playing a piano.	angstrom unit adult male be playing a piano.	1	true
610	A man is playing a flute.	A man is playing a flute.	5	true
611	A man is playing a flute.	angstrom man is acting a flute.	4	true
612	A man is playing a flute.	A man is playing a transverse flute.	3	true
613	A man is playing a flute.	angstrom adult male is playing a transverse flute.	2	true
614	A man is playing a flute.	angstrom adult male is acting a transverse flute.	1	true
615	A man is spinning.	A man is spinning.	5	true
616	A man is spinning.	angstrom man is spin.	4	true
617	A man is spinning.	angstrom adult male be spinning.	3	true
618	A man is spinning.	angstrom man is twirl.	2	true
619	A man is spinning.	A man Be spin.	1	true
620	A monkey is swinging from limb to limb.	A monkey is swinging from limb to limb.	5	true
621	A monkey is swinging from limb to limb.	A monkey be swinging from tree branch to limb.	4	true
622	A monkey is swinging from limb to limb.	angstrom imp is swinging from tree branch to limb.	3	true
623	A monkey is swinging from limb to limb.	angstrom imp is swinging from limb to limb.	2	true
624	A monkey is swinging from limb to limb.	A monkey be swinging from tree branch to tree branch.	1	true
625	The people got off the train.	The people got off the train.	5	true
626	The people got off the train.	The citizenry got murder the train.	4	true
627	The people got off the train.	The people got slaying the railroad train.	3	true
628	The people got off the train.	The people got murder the railroad train.	2	true
629	The people got off the train.	The people get off the railroad train.	1	true
630	A dog is jumping on a trampoline.	A dog is jumping on a trampoline.	5	true
631	A dog is jumping on a trampoline.	A dog is jump along a trampoline.	4	true
632	A dog is jumping on a trampoline.	angstrom dog be jumping on a trampoline.	3	true
633	A dog is jumping on a trampoline.	angstrom dog is jumping along a trampoline.	2	true
634	A dog is jumping on a trampoline.	angstrom domestic dog be jumping on a trampoline.	1	true
635	A boy is playing an instrument.	A boy is playing an instrument.	5	true
636	A boy is playing an instrument.	angstrom boy is playing an tool.	4	true
637	A boy is playing an instrument.	angstrom boy be acting an instrument.	3	true
638	A boy is playing an instrument.	A male child is playing Associate in Nursing tool.	2	true
639	A boy is playing an instrument.	angstrom male child is acting Associate in Nursing instrument.	1	true
640	A woman plays the guitar.	A woman plays the guitar.	5	true
641	A woman plays the guitar.	A woman play the guitar.	4	true
642	A woman plays the guitar.	A woman plays the guitar.	3	true
643	A woman plays the guitar.	angstrom unit adult female plays the guitar.	2	true
644	A woman plays the guitar.	angstrom unit adult female plays the guitar.	1	true
645	A woman is picking a can.	A woman is picking a can.	5	true
646	A woman is picking a can.	A woman be picking a tin.	4	true
647	A woman is picking a can.	A woman be picking angstrom tin.	3	true
648	A woman is picking a can.	A woman be choice a can.	2	true
649	A woman is picking a can.	A adult female be picking angstrom can.	1	true
650	A man is climbing a rope.	A man is climbing a rope.	5	true
651	A man is climbing a rope.	angstrom man be climbing a rope.	4	true
652	A man is climbing a rope.	A adult male is climbing angstrom rope.	3	true
653	A man is climbing a rope.	angstrom unit man is climb a rope.	2	true
654	A man is climbing a rope.	angstrom adult male be climbing angstrom rope.	1	true
655	A man is lifting a car.	A man is lifting a car.	5	true
656	A man is lifting a car.	A adult male is lifting a auto.	4	true
657	A man is lifting a car.	A man is raise a car.	3	true
658	A man is lifting a car.	A man Be lifting a car.	2	true
659	A man is lifting a car.	angstrom man be lifting angstrom unit car.	1	true
660	A man and woman are driving down the street in a jeep.	A man and woman are driving down the street in a jeep.	5	true
661	A man and woman are driving down the street in a jeep.	A man and woman are drive down the street in angstrom jeep.	4	true
662	A man and woman are driving down the street in a jeep.	A man and adult female are driving down the street in angstrom jeep.	3	true
663	A man and woman are driving down the street in a jeep.	A adult male and woman are driving down feather the street in a jeep.	2	true
664	A man and woman are driving down the street in a jeep.	angstrom man and woman are driving down feather the street in a jeep.	1	true
665	The shirtless man sat in a chair.	The shirtless man sat in a chair.	5	true
666	The shirtless man sat in a chair.	The shirtless man sat inch a chair.	4	true
667	The shirtless man sat in a chair.	The shirtless man Saturday in a chair.	3	true
668	The shirtless man sat in a chair.	The shirtless man sat inch angstrom professorship.	2	true
669	The shirtless man sat in a chair.	The shirtless adult male sat inch a chair.	1	true
670	Two women are wrestling.	Two women are wrestling.	5	true
671	Two women are wrestling.	Two women are wrestling.	4	true
672	Two women are wrestling.	two woman are wrestling.	3	true
673	Two women are wrestling.	Two adult female ar wrestling.	2	true
674	Two women are wrestling.	2 women argon wrestle.	1	true
675	The puppy played with a blue tennis ball.	The puppy played with a blue tennis ball.	5	true
676	The puppy played with a blue tennis ball.	The whelp played with a blue tennis ball.	4	true
677	The puppy played with a blue tennis ball.	The pup play with a blue lawn tennis ball.	3	true
678	The puppy played with a blue tennis ball.	The pup played with a blueness tennis musket ball.	2	true
679	The puppy played with a blue tennis ball.	The puppy played with angstrom unit blueness tennis ball.	1	true
680	A kangroo is eating something.	A kangroo is eating something.	5	true
681	A kangroo is eating something.	angstrom kangroo is eating something.	4	true
682	A kangroo is eating something.	A kangroo is eating something.	3	true
683	A kangroo is eating something.	A kangroo is eating something.	2	true
684	A kangroo is eating something.	angstrom unit kangroo is feeding something.	1	true
685	A cat is playing a piano.	A cat is playing a piano.	5	true
686	A cat is playing a piano.	A true cat is playing a pianoforte.	4	true
687	A cat is playing a piano.	A true cat beryllium playing a piano.	3	true
688	A cat is playing a piano.	angstrom cat is acting a pianoforte.	2	true
689	A cat is playing a piano.	A cat beryllium acting a pianoforte.	1	true
690	The man cut some carpet with a knife.	The man cut some carpet with a knife.	5	true
691	The man cut some carpet with a knife.	The man gash some carpet with a knife.	4	true
692	The man cut some carpet with a knife.	The adult male cut some carpet with angstrom tongue.	3	true
693	The man cut some carpet with a knife.	The man gash approximately carpet with a knife.	2	true
694	The man cut some carpet with a knife.	The adult male cut approximately carpet with a tongue.	1	true
695	A woman is riding a motorized scooter down a road.	A woman is riding a motorized scooter down a road.	5	true
696	A woman is riding a motorized scooter down a road.	A woman is riding a motorize water scooter down a road.	4	true
697	A woman is riding a motorized scooter down a road.	A adult female is riding a motorized scooter down feather a route.	3	true
698	A woman is riding a motorized scooter down a road.	A adult female is riding a motorized scooter down feather angstrom road.	2	true
699	A woman is riding a motorized scooter down a road.	A adult female beryllium riding a motorize scooter down a road.	1	true
700	someone is slicing a vegetable.	someone is slicing a vegetable.	5	true
701	someone is slicing a vegetable.	someone is piece a vegetable.	4	true
702	someone is slicing a vegetable.	person be slicing a veggie.	3	true
703	someone is slicing a vegetable.	person be slicing angstrom vegetable.	2	true
704	someone is slicing a vegetable.	someone beryllium slicing angstrom veggie.	1	true
705	A woman is dancing.	A woman is dancing.	5	true
706	A woman is dancing.	angstrom unit woman is dancing.	4	true
707	A woman is dancing.	angstrom unit woman is dance.	3	true
708	A woman is dancing.	angstrom unit woman is dance.	2	true
709	A woman is dancing.	angstrom adult female be dance.	1	true
710	A dog licks up a baby's drool.	A dog licks up a baby's drool.	5	true
711	A dog licks up a baby's drool.	A domestic dog licks up angstrom baby's drool.	4	true
712	A dog licks up a baby's drool.	A domestic dog licks up a baby's baloney.	3	true
713	A dog licks up a baby's drool.	A dog salt lick up a baby's boloney.	2	true
714	A dog licks up a baby's drool.	A domestic dog licks astir angstrom baby's baloney.	1	true
715	A man is rowing a boat.	A man is rowing a boat.	5	true
716	A man is rowing a boat.	angstrom man is rowing angstrom boat.	4	true
717	A man is rowing a boat.	angstrom man be rowing angstrom boat.	3	true
718	A man is rowing a boat.	A adult male is rowing a gravy boat.	2	true
719	A man is rowing a boat.	A man Be rowing angstrom boat.	1	true
720	A man cuts up potatos.	A man cuts up potatos.	5	true
721	A man cuts up potatos.	A man cuts up white potato.	4	true
722	A man cuts up potatos.	angstrom man cuts astir potato.	3	true
723	A man cuts up potatos.	angstrom adult male cuts up potatos.	2	true
724	A man cuts up potatos.	angstrom unit man cut astir potatos.	1	true
725	A woman is chopping up garlic.	A woman is chopping up garlic.	5	true
726	A woman is chopping up garlic.	A woman be chopping up Allium sativum.	4	true
727	A woman is chopping up garlic.	angstrom adult female is chop up garlic.	3	true
728	A woman is chopping up garlic.	angstrom woman is chop shot up garlic.	2	true
729	A woman is chopping up garlic.	A adult female is chop astir Allium sativum.	1	true
730	An animal run in circles.	An animal run in circles.	5	true
731	An animal run in circles.	An animal run inch circle.	4	true
732	An animal run in circles.	Associate in Nursing animal run inch circle.	3	true
733	An animal run in circles.	Associate in Nursing animal run in circles.	2	true
734	An animal run in circles.	An animal tally inch set.	1	true
735	A man is walking slowly across a rope bridge.	A man is walking slowly across a rope bridge.	5	true
736	A man is walking slowly across a rope bridge.	A man is walking slowly across a Mexican valium bridge.	4	true
737	A man is walking slowly across a rope bridge.	A man be walking slowly crosswise a R-2 bridge.	3	true
738	A man is walking slowly across a rope bridge.	A adult male is walking slowly across a rope couple.	2	true
739	A man is walking slowly across a rope bridge.	A man beryllium walking slowly crosswise a rope span.	1	true
740	A man is playing the guitar.	A man is playing the guitar.	5	true
741	A man is playing the guitar.	A man is playing the guitar.	4	true
742	A man is playing the guitar.	A man be playing the guitar.	3	true
743	A man is playing the guitar.	angstrom adult male is playing the guitar.	2	true
744	A man is playing the guitar.	angstrom man be playing the guitar.	1	true
745	A man plays the flute.	A man plays the flute.	5	true
746	A man plays the flute.	angstrom man plays the flute.	4	true
747	A man plays the flute.	A adult male plays the transverse flute.	3	true
748	A man plays the flute.	A man play the transverse flute.	2	true
749	A man plays the flute.	angstrom unit man drama the flute.	1	true
750	A woman cracks two eggs into a glass bowl.	A woman cracks two eggs into a glass bowl.	5	true
751	A woman cracks two eggs into a glass bowl.	A woman cracks two eggs into angstrom glass trough.	4	true
752	A woman cracks two eggs into a glass bowl.	A woman crack two eggs into a glass trough.	3	true
753	A woman cracks two eggs into a glass bowl.	angstrom woman crack two egg into a glass bowl.	2	true
754	A woman cracks two eggs into a glass bowl.	angstrom woman crack two egg into a drinking glass bowl.	1	true
755	A man is cutting a fish.	A man is cutting a fish.	5	true
756	A man is cutting a fish.	angstrom adult male is cutting a fish.	4	true
757	A man is cutting a fish.	A man is film editing a Pisces.	3	true
758	A man is cutting a fish.	A adult male be cutting a Pisces.	2	true
759	A man is cutting a fish.	A adult male is film editing angstrom Pisces.	1	true
760	Two men are packing suitcases into the trunk of a car.	Two men are packing suitcases into the trunk of a car.	5	true
761	Two men are packing suitcases into the trunk of a car.	Two men ar packing suitcases into the trunk of a auto.	4	true
762	Two men are packing suitcases into the trunk of a car.	2 men are packing suitcases into the trunk of angstrom auto.	3	true
763	Two men are packing suitcases into the trunk of a car.	Two men ar packing bag into the trunk of a car.	2	true
764	Two men are packing suitcases into the trunk of a car.	Two work force are packing material bag into the tree trunk of a car.	1	true
765	A man pours oil on some tomatos.	A man pours oil on some tomatos.	5	true
766	A man pours oil on some tomatos.	angstrom man pours oil on some tomato.	4	true
767	A man pours oil on some tomatos.	angstrom man pours oil on some tomatos.	3	true
768	A man pours oil on some tomatos.	angstrom man pours oil along some tomato.	2	true
769	A man pours oil on some tomatos.	angstrom man pours oil along some love apple.	1	true
770	A man is slicing something.	A man is slicing something.	5	true
771	A man is slicing something.	angstrom man is slice something.	4	true
772	A man is slicing something.	A man be slice something.	3	true
773	A man is slicing something.	A man is slicing something.	2	true
774	A man is slicing something.	angstrom man be piece something.	1	true
775	A man is paddling a canoe.	A man is paddling a canoe.	5	true
776	A man is paddling a canoe.	A adult male be paddling a canoe.	4	true
777	A man is paddling a canoe.	angstrom unit man is paddling a canoe.	3	true
778	A man is paddling a canoe.	A adult male is paddle a canoe.	2	true
779	A man is paddling a canoe.	angstrom adult male beryllium paddling a canoe.	1	true
780	A man and woman are walking together through the woods.	A man and woman are walking together through the woods.	5	true
781	A man and woman are walking together through the woods.	A man and adult female are walking together through the woods.	4	true
782	A man and woman are walking together through the woods.	angstrom man and woman ar walk together through the woods.	3	true
783	A man and woman are walking together through the woods.	A adult male and woman are walking together through the forest.	2	true
784	A man and woman are walking together through the woods.	angstrom man and adult female are walk together through the forest.	1	true
785	The woman picked up the kangaroo.	The woman picked up the kangaroo.	5	true
786	The woman picked up the kangaroo.	The woman pick up the kangaroo.	4	true
787	The woman picked up the kangaroo.	The woman pick astir the kangaroo.	3	true
788	The woman picked up the kangaroo.	The adult female picked up the kangaroo.	2	true
789	The woman picked up the kangaroo.	The adult female picked up the kangaroo.	1	true
790	Fish are swimming.	Fish are swimming.	5	true
791	Fish are swimming.	Pisces the Fishes are swimming.	4	true
792	Fish are swimming.	Pisces ar swim.	3	true
793	Fish are swimming.	Fish argon swim.	2	true
794	Fish are swimming.	Pisces the Fishes ar swim.	1	true
795	Two women mix something in a food processor.	Two women mix something in a food processor.	5	true
796	Two women mix something in a food processor.	Two women premix something inch a food processor.	4	true
797	Two women mix something in a food processor.	2 women mix something in a nutrient processor.	3	true
798	Two women mix something in a food processor.	Two women premix something in angstrom food processor.	2	true
799	Two women mix something in a food processor.	2 woman mix something in a food processor.	1	true
800	A person is surfing a large wave.	A person is surfing a large wave.	5	true
801	A person is surfing a large wave.	angstrom person is surfing a large moving ridge.	4	true
802	A person is surfing a large wave.	A individual is surfboarding angstrom large wave.	3	true
803	A person is surfing a large wave.	A individual is surfboarding a large moving ridge.	2	true
804	A person is surfing a large wave.	angstrom person be surfing a big moving ridge.	1	true
805	A man is playing a guitar.	A man is playing a guitar.	5	true
806	A man is playing a guitar.	A adult male is playing angstrom guitar.	4	true
807	A man is playing a guitar.	angstrom adult male is acting a guitar.	3	true
808	A man is playing a guitar.	A adult male be acting a guitar.	2	true
809	A man is playing a guitar.	angstrom man be acting a guitar.	1	true
810	A man is playing a flute in a band.	A man is playing a flute in a band.	5	true
811	A man is playing a flute in a band.	A man is acting a flute in a set.	4	true
812	A man is playing a flute in a band.	A adult male is playing a transverse flute in angstrom band.	3	true
813	A man is playing a flute in a band.	A man be playing a flute inch a set.	2	true
814	A man is playing a flute in a band.	A man is acting angstrom transverse flute inch a band.	1	true
815	The man spread butter on the loaf of bread.	The man spread butter on the loaf of bread.	5	true
816	The man spread butter on the loaf of bread.	The man spreading butter on the loaf of bread.	4	true
817	The man spread butter on the loaf of bread.	The man spreading butter on the loaf of bread.	3	true
818	The man spread butter on the loaf of bread.	The adult male spread butter on the loaf of bread.	2	true
819	The man spread butter on the loaf of bread.	The adult male spread butter on the loaf of bread of bread.	1	true
820	A person is boiling noodles.	A person is boiling noodles.	5	true
821	A person is boiling noodles.	angstrom individual is boiling noodles.	4	true
822	A person is boiling noodles.	angstrom person be stewing noodles.	3	true
823	A person is boiling noodles.	angstrom unit person be boiling noodles.	2	true
824	A person is boiling noodles.	A individual is stewing attic.	1	true
825	A group of people dance on a hill.	A group of people dance on a hill.	5	true
826	A group of people dance on a hill.	A group of citizenry dance on angstrom hill.	4	true
827	A group of people dance on a hill.	A group of citizenry dance on a hill.	3	true
828	A group of people dance on a hill.	angstrom grouping of people dance along a hill.	2	true
829	A group of people dance on a hill.	A group of citizenry dance along a hill.	1	true
830	A man is dancing outside.	A man is dancing outside.	5	true
831	A man is dancing outside.	A adult male is dance outside.	4	true
832	A man is dancing outside.	angstrom adult male be dancing outside.	3	true
833	A man is dancing outside.	A man is dance outside.	2	true
834	A man is dancing outside.	angstrom man be dancing outside.	1	true
835	A woman is feeding a man.	A woman is feeding a man.	5	true
836	A woman is feeding a man.	A woman is eating angstrom man.	4	true
837	A woman is feeding a man.	A woman is eating angstrom adult male.	3	true
838	A woman is feeding a man.	A adult female is eating a adult male.	2	true
839	A woman is feeding a man.	A woman be feeding angstrom man.	1	true
840	A man is putting a pan into an oven.	A man is putting a pan into an oven.	5	true
841	A man is putting a pan into an oven.	A adult male be putting a pan into an oven.	4	true
842	A man is putting a pan into an oven.	angstrom man is putting a pan into Associate in Nursing oven.	3	true
843	A man is putting a pan into an oven.	angstrom adult male is putting a cooking pan into an oven.	2	true
844	A man is putting a pan into an oven.	A adult male is putt a cooking pan into an oven.	1	true
845	A woman is sitting at a desk.	A woman is sitting at a desk.	5	true
846	A woman is sitting at a desk.	A woman be sitting at a desk.	4	true
847	A woman is sitting at a desk.	angstrom woman is sitting At a desk.	3	true
848	A woman is sitting at a desk.	A adult female is posing astatine a desk.	2	true
849	A woman is sitting at a desk.	angstrom woman is posing astatine angstrom desk.	1	true
850	Medics transport a patient on a stretcher.	Medics transport a patient on a stretcher.	5	true
851	Medics transport a patient on a stretcher.	Medics transport a affected role along a stretcher.	4	true
852	Medics transport a patient on a stretcher.	medic transport angstrom patient on a capstone.	3	true
853	Medics transport a patient on a stretcher.	medic transport a patient along angstrom stretcher.	2	true
854	Medics transport a patient on a stretcher.	medick transport angstrom patient on angstrom stretcher.	1	true
855	A woman is playing a flute on stage.	A woman is playing a flute on stage.	5	true
856	A woman is playing a flute on stage.	angstrom unit woman is playing a flute on stage.	4	true
857	A woman is playing a flute on stage.	A woman is playing a transverse flute along phase.	3	true
858	A woman is playing a flute on stage.	A woman is acting angstrom transverse flute on stage.	2	true
859	A woman is playing a flute on stage.	angstrom unit woman be acting a flute on stage.	1	true
860	Two baby pandas are playing.	Two baby pandas are playing.	5	true
861	Two baby pandas are playing.	Two babe pandas are acting.	4	true
862	Two baby pandas are playing.	2 babe pandas are acting.	3	true
863	Two baby pandas are playing.	2 baby giant panda ar playing.	2	true
864	Two baby pandas are playing.	Two babe pandas argon acting.	1	true
865	A baby is laughing.	A baby is laughing.	5	true
866	A baby is laughing.	A baby be laugh.	4	true
867	A baby is laughing.	angstrom babe be laughing.	3	true
868	A baby is laughing.	angstrom baby be laugh.	2	true
869	A baby is laughing.	A baby beryllium laughter.	1	true
870	A man is playing a guitar.	A man is playing a guitar.	5	true
871	A man is playing a guitar.	angstrom man be playing a guitar.	4	true
872	A man is playing a guitar.	A adult male is acting angstrom guitar.	3	true
873	A man is playing a guitar.	A man be acting a guitar.	2	true
874	A man is playing a guitar.	angstrom unit man be acting a guitar.	1	true
875	A man is folding paper.	A man is folding paper.	5	true
876	A man is folding paper.	A man is protein folding paper.	4	true
877	A man is folding paper.	A adult male beryllium folding paper.	3	true
878	A man is folding paper.	A man be protein folding composition.	2	true
879	A man is folding paper.	angstrom unit adult male be folding paper.	1	true
880	Three women are dancing.	Three women are dancing.	5	true
881	Three women are dancing.	three women are dancing.	4	true
882	Three women are dancing.	3 women ar dance.	3	true
883	Three women are dancing.	3 woman are dance.	2	true
884	Three women are dancing.	Three adult female argon dancing.	1	true
885	The cats are playing with each other.	The cats are playing with each other.	5	true
886	The cats are playing with each other.	The cats ar playing with each other.	4	true
887	The cats are playing with each other.	The cat are acting with to each one other.	3	true
888	The cats are playing with each other.	The cats ar acting with each other.	2	true
889	The cats are playing with each other.	The cats are playing with to each one other.	1	true
890	A person is writing.	A person is writing.	5	true
891	A person is writing.	angstrom person be writing.	4	true
892	A person is writing.	angstrom individual be writing.	3	true
893	A person is writing.	A person be writing.	2	true
894	A person is writing.	angstrom unit person be authorship.	1	true
895	A man is running.	A man is running.	5	true
896	A man is running.	A adult male be running.	4	true
897	A man is running.	angstrom man be run.	3	true
898	A man is running.	A adult male is run.	2	true
899	A man is running.	A adult male beryllium running.	1	true
900	The woman is rolling dough.	The woman is rolling dough.	5	true
901	The woman is rolling dough.	The adult female is rolling boodle.	4	true
902	The woman is rolling dough.	The woman is pealing dough.	3	true
903	The woman is rolling dough.	The adult female is peal dough.	2	true
904	The woman is rolling dough.	The adult female is peal boodle.	1	true
905	A woman is adding spices on a meat.	A woman is adding spices on a meat.	5	true
906	A woman is adding spices on a meat.	angstrom woman is adding spice on a meat.	4	true
907	A woman is adding spices on a meat.	angstrom woman be adding spices on a kernel.	3	true
908	A woman is adding spices on a meat.	angstrom woman be adding spices on angstrom meat.	2	true
909	A woman is adding spices on a meat.	A woman is adding spiciness along angstrom meat.	1	true
910	A woman is adding oil on fishes.	A woman is adding oil on fishes.	5	true
911	A woman is adding oil on fishes.	A woman beryllium adding oil on fishes.	4	true
912	A woman is adding oil on fishes.	angstrom woman beryllium adding oil on fishes.	3	true
913	A woman is adding oil on fishes.	A adult female is add oil along fishes.	2	true
914	A woman is adding oil on fishes.	A woman be adding oil color along fish.	1	true
915	A young boy is holding a guitar.	A young boy is holding a guitar.	5	true
916	A young boy is holding a guitar.	A offspring male child is holding a guitar.	4	true
917	A young boy is holding a guitar.	A young boy be keeping a guitar.	3	true
918	A young boy is holding a guitar.	angstrom young boy be holding angstrom guitar.	2	true
919	A young boy is holding a guitar.	angstrom young boy be holding angstrom guitar.	1	true
920	A cheetah is running.	A cheetah is running.	5	true
921	A cheetah is running.	A chetah is run.	4	true
922	A cheetah is running.	angstrom unit cheetah is run.	3	true
923	A cheetah is running.	angstrom cheetah be run.	2	true
924	A cheetah is running.	angstrom cheetah Be running.	1	true
925	The man is eating pizza.	The man is eating pizza.	5	true
926	The man is eating pizza.	The adult male is feeding pizza.	4	true
927	The man is eating pizza.	The adult male is feeding pizza.	3	true
928	The man is eating pizza.	The adult male be eating pizza pie.	2	true
929	The man is eating pizza.	The adult male is feeding pizza.	1	true
930	An orangutan is riding a bus.	An orangutan is riding a bus.	5	true
931	An orangutan is riding a bus.	An orangutan is horseback riding a autobus.	4	true
932	An orangutan is riding a bus.	An orangutan is horseback riding angstrom autobus.	3	true
933	An orangutan is riding a bus.	Associate in Nursing orangutan be horseback riding a bus.	2	true
934	An orangutan is riding a bus.	Associate in Nursing orangutan beryllium horseback riding a bus.	1	true
935	A man and a woman talk in a diner.	A man and a woman talk in a diner.	5	true
936	A man and a woman talk in a diner.	A man and a woman talk in angstrom diner.	4	true
937	A man and a woman talk in a diner.	A man and a adult female talk in a diner.	3	true
938	A man and a woman talk in a diner.	A man and a woman talk in angstrom diner.	2	true
939	A man and a woman talk in a diner.	angstrom man and a adult female talk inch a diner.	1	true
940	A man is playing a guitar.	A man is playing a guitar.	5	true
941	A man is playing a guitar.	A adult male be playing a guitar.	4	true
942	A man is playing a guitar.	A man beryllium playing a guitar.	3	true
943	A man is playing a guitar.	angstrom adult male is playing a guitar.	2	true
944	A man is playing a guitar.	angstrom adult male is playing angstrom unit guitar.	1	true
945	A girl is singing and playing a guitar.	A girl is singing and playing a guitar.	5	true
946	A girl is singing and playing a guitar.	A miss is singing and playing a guitar.	4	true
947	A girl is singing and playing a guitar.	angstrom miss is vocalizing and playing a guitar.	3	true
948	A girl is singing and playing a guitar.	A girl be vocalizing and playing angstrom guitar.	2	true
949	A girl is singing and playing a guitar.	A miss is vocalizing and acting a guitar.	1	true
950	A girl is communicating with sign language.	A girl is communicating with sign language.	5	true
951	A girl is communicating with sign language.	angstrom girl is communicating with sign linguistic communication.	4	true
952	A girl is communicating with sign language.	A miss be communicating with sign linguistic communication.	3	true
953	A girl is communicating with sign language.	angstrom girl be communicating with sign language.	2	true
954	A girl is communicating with sign language.	A girl beryllium communicating with sign linguistic communication.	1	true
955	A woman is doing weight exercises.	A woman is doing weight exercises.	5	true
956	A woman is doing weight exercises.	A woman is make free weight exercises.	4	true
957	A woman is doing weight exercises.	angstrom woman is make weight exercise.	3	true
958	A woman is doing weight exercises.	angstrom woman is make free weight exercises.	2	true
959	A woman is doing weight exercises.	angstrom unit woman is make weight exercise.	1	true
960	A man is getting inside a car.	A man is getting inside a car.	5	true
961	A man is getting inside a car.	A man is acquiring interior a car.	4	true
962	A man is getting inside a car.	A man be getting interior angstrom car.	3	true
963	A man is getting inside a car.	A adult male be getting inside a car.	2	true
964	A man is getting inside a car.	angstrom man is acquiring inside angstrom unit car.	1	true
965	A big green ball knocks a potato over.	A big green ball knocks a potato over.	5	true
966	A big green ball knocks a potato over.	angstrom big green ball knocks a potato complete.	4	true
967	A big green ball knocks a potato over.	A big green musket ball knocks angstrom white potato over.	3	true
968	A big green ball knocks a potato over.	A big green musket ball knock a white potato over.	2	true
969	A big green ball knocks a potato over.	A big green ball knocking angstrom white potato over.	1	true
970	A cat is playing keyboards.	A cat is playing keyboards.	5	true
971	A cat is playing keyboards.	A cat is playing keyboards.	4	true
972	A cat is playing keyboards.	angstrom true cat is playing keyboard.	3	true
973	A cat is playing keyboards.	angstrom true cat is acting keyboards.	2	true
974	A cat is playing keyboards.	angstrom true cat is acting keyboard.	1	true
975	Two dogs swim in a pool.	Two dogs swim in a pool.	5	true
976	Two dogs swim in a pool.	2 dogs swim inch a pool.	4	true
977	Two dogs swim in a pool.	2 dogs swim in angstrom unit pool.	3	true
978	Two dogs swim in a pool.	Two dog swimming in a pond.	2	true
979	Two dogs swim in a pool.	Two dog swim in angstrom pool.	1	true
980	The man used a chopper to chop the onion.	The man used a chopper to chop the onion.	5	true
981	The man used a chopper to chop the onion.	The man used angstrom chopper to chop shot the onion.	4	true
982	The man used a chopper to chop the onion.	The man used angstrom chop to chop the onion plant.	3	true
983	The man used a chopper to chop the onion.	The adult male used angstrom chopper to chop the onion.	2	true
984	The man used a chopper to chop the onion.	The man used angstrom chopper to chop shot the onion.	1	true
985	A woman slices tofu.	A woman slices tofu.	5	true
986	A woman slices tofu.	angstrom adult female slices tofu.	4	true
987	A woman slices tofu.	angstrom unit adult female slices tofu.	3	true
988	A woman slices tofu.	A adult female slices bean curd.	2	true
989	A woman slices tofu.	A adult female slice bean curd.	1	true
990	A herd of deer are crossing the street.	A herd of deer are crossing the street.	5	true
991	A herd of deer are crossing the street.	A herd of deer ar crossing the street.	4	true
992	A herd of deer are crossing the street.	angstrom herd of cervid are ford the street.	3	true
993	A herd of deer are crossing the street.	A herd of deer are crossing the street.	2	true
994	A herd of deer are crossing the street.	angstrom unit herd of cervid are ford the street.	1	true
995	The person is riding the horse.	The person is riding the horse.	5	true
996	The person is riding the horse.	The individual is riding the Equus caballus.	4	true
997	The person is riding the horse.	The person is riding the horse.	3	true
998	The person is riding the horse.	The individual beryllium riding the horse.	2	true
999	The person is riding the horse.	The individual is riding the Equus caballus.	1	true
1000	Someone is feeding a animal.	Someone is feeding a animal.	5	true
1001	Someone is feeding a animal.	Someone is eating angstrom animal.	4	true
1002	Someone is feeding a animal.	person is feeding a animal.	3	true
1003	Someone is feeding a animal.	Someone be eating a animate being.	2	true
1004	Someone is feeding a animal.	Someone is feeding angstrom animate being.	1	true
1005	Someone is slicing tortila's.	Someone is slicing tortila's.	5	true
1006	Someone is slicing tortila's.	Someone be slice tortila's.	4	true
1007	Someone is slicing tortila's.	Someone Be slicing tortila's.	3	true
1008	Someone is slicing tortila's.	individual is slicing tortila's.	2	true
1009	Someone is slicing tortila's.	person is slice tortila's.	1	true
1010	Someone is mixing ingrediants.	Someone is mixing ingrediants.	5	true
1011	Someone is mixing ingrediants.	Someone beryllium mixing ingrediants.	4	true
1012	Someone is mixing ingrediants.	individual is mixing ingrediants.	3	true
1013	Someone is mixing ingrediants.	person is mixing ingrediants.	2	true
1014	Someone is mixing ingrediants.	Someone be premix ingrediants.	1	true
1015	A rooster pecks at a dead mouse.	A rooster pecks at a dead mouse.	5	true
1016	A rooster pecks at a dead mouse.	A cock pecks at a dead shiner.	4	true
1017	A rooster pecks at a dead mouse.	A cock pecks at a all in shiner.	3	true
1018	A rooster pecks at a dead mouse.	angstrom unit rooster pecks at a all in mouse.	2	true
1019	A rooster pecks at a dead mouse.	angstrom unit rooster pecks at a all in mouse.	1	true
1020	A woman holds a kangaroo.	A woman holds a kangaroo.	5	true
1021	A woman holds a kangaroo.	angstrom woman holds a kangaroo.	4	true
1022	A woman holds a kangaroo.	angstrom woman clasp angstrom kangaroo.	3	true
1023	A woman holds a kangaroo.	A woman clasp angstrom kangaroo.	2	true
1024	A woman holds a kangaroo.	angstrom unit woman clasp a kangaroo.	1	true
1025	A man is playing with frogs	A man is playing with frogs	5	true
1026	A man is playing with frogs	angstrom man is playing with frogs	4	true
1027	A man is playing with frogs	A man is acting with frog	3	true
1028	A man is playing with frogs	A adult male is acting with frogs	2	true
1029	A man is playing with frogs	A adult male be playing with frogs	1	true
1030	Two men are talking.	Two men are talking.	5	true
1031	Two men are talking.	Two work force ar talking.	4	true
1032	Two men are talking.	Two work force ar talking.	3	true
1033	Two men are talking.	Two men argon talk.	2	true
1034	Two men are talking.	Two work force are talk.	1	true
1035	A man spreads butter on a big piece of bread.	A man spreads butter on a big piece of bread.	5	true
1036	A man spreads butter on a big piece of bread.	A man spreads butter along a big part of bread.	4	true
1037	A man spreads butter on a big piece of bread.	A man spread butter on a big part of bread.	3	true
1038	A man spreads butter on a big piece of bread.	angstrom man spread butter on a big piece of bread.	2	true
1039	A man spreads butter on a big piece of bread.	A man spreads butter on a large portion of breadstuff.	1	true
1040	A man is running across a high wire.	A man is running across a high wire.	5	true
1041	A man is running across a high wire.	angstrom man is running across a high conducting wire.	4	true
1042	A man is running across a high wire.	angstrom man is run crosswise a high wire.	3	true
1043	A man is running across a high wire.	A man beryllium running across angstrom high wire.	2	true
1044	A man is running across a high wire.	angstrom man is running across angstrom unit high conducting wire.	1	true
1045	A man is mowing a lawn.	A man is mowing a lawn.	5	true
1046	A man is mowing a lawn.	angstrom man is mowing a lawn.	4	true
1047	A man is mowing a lawn.	angstrom man be mowing a lawn.	3	true
1048	A man is mowing a lawn.	A adult male is mow a lawn.	2	true
1049	A man is mowing a lawn.	A adult male is mowing angstrom lawn.	1	true
1050	A man is opening a door.	A man is opening a door.	5	true
1051	A man is opening a door.	A man be opening a doorway.	4	true
1052	A man is opening a door.	A adult male beryllium opening a door.	3	true
1053	A man is opening a door.	angstrom unit man is opening angstrom door.	2	true
1054	A man is opening a door.	A adult male is opening angstrom unit door.	1	true
1055	A man is slicing a potato into pieces.	A man is slicing a potato into pieces.	5	true
1056	A man is slicing a potato into pieces.	angstrom man is slicing a potato into pieces.	4	true
1057	A man is slicing a potato into pieces.	angstrom man is slicing a white potato into pieces.	3	true
1058	A man is slicing a potato into pieces.	angstrom man be slicing a potato into piece.	2	true
1059	A man is slicing a potato into pieces.	A man be slicing angstrom unit white potato into pieces.	1	true
1060	The woman is cutting cooked octopus.	The woman is cutting cooked octopus.	5	true
1061	The woman is cutting cooked octopus.	The woman is film editing cooked octopus.	4	true
1062	The woman is cutting cooked octopus.	The adult female is cutting James Cook octopus.	3	true
1063	The woman is cutting cooked octopus.	The woman be film editing cooked octopus.	2	true
1064	The woman is cutting cooked octopus.	The adult female is cutting James Cook octopus.	1	true
1065	A man is punching through boards.	A man is punching through boards.	5	true
1066	A man is punching through boards.	A man is punch done boards.	4	true
1067	A man is punching through boards.	A man be punch through board.	3	true
1068	A man is punching through boards.	A adult male be punch through boards.	2	true
1069	A man is punching through boards.	angstrom adult male is punching through board.	1	true
1070	A man is dancing.	A man is dancing.	5	true
1071	A man is dancing.	angstrom man is dance.	4	true
1072	A man is dancing.	A adult male beryllium dancing.	3	true
1073	A man is dancing.	angstrom adult male be dancing.	2	true
1074	A man is dancing.	angstrom adult male be dancing.	1	true
1075	Someone is playing a piano.	Someone is playing a piano.	5	true
1076	Someone is playing a piano.	Someone be playing angstrom piano.	4	true
1077	Someone is playing a piano.	Someone be acting a pianoforte.	3	true
1078	Someone is playing a piano.	Someone be playing a piano.	2	true
1079	Someone is playing a piano.	Someone be playing angstrom piano.	1	true
1080	Two foxes are eating from a plate on a brick patio.	Two foxes are eating from a plate on a brick patio.	5	true
1081	Two foxes are eating from a plate on a brick patio.	Two foxes are eating from a plate on a brick patio.	4	true
1082	Two foxes are eating from a plate on a brick patio.	2 foxes argon eating from a plate on a brick patio.	3	true
1083	Two foxes are eating from a plate on a brick patio.	2 foxes are eating from angstrom plate on a brick patio.	2	true
1084	Two foxes are eating from a plate on a brick patio.	2 foxes are eating from a home plate on a brick patio.	1	true
1085	A boy is playing a key-board.	A boy is playing a key-board.	5	true
1086	A boy is playing a key-board.	angstrom unit boy is playing a keyboard.	4	true
1087	A boy is playing a key-board.	angstrom boy is acting angstrom keyboard.	3	true
1088	A boy is playing a key-board.	A male child is playing angstrom keyplank.	2	true
1089	A boy is playing a key-board.	A boy be playing angstrom unit keyboard.	1	true
1090	A person plays a keyboard.	A person plays a keyboard.	5	true
1091	A person plays a keyboard.	A individual plays angstrom keyboard.	4	true
1092	A person plays a keyboard.	angstrom person plays angstrom keyboard.	3	true
1093	A person plays a keyboard.	angstrom person plays angstrom keyboard.	2	true
1094	A person plays a keyboard.	angstrom individual drama a keyboard.	1	true
1095	A man is shooting a gun.	A man is shooting a gun.	5	true
1096	A man is shooting a gun.	angstrom man is shooting angstrom gun.	4	true
1097	A man is shooting a gun.	A man is shot angstrom artillery.	3	true
1098	A man is shooting a gun.	A man be shot a artillery.	2	true
1099	A man is shooting a gun.	A adult male be shooting a artillery.	1	true
1100	Someone is slicing an onion.	Someone is slicing an onion.	5	true
1101	Someone is slicing an onion.	Someone be slicing an onion plant.	4	true
1102	Someone is slicing an onion.	Someone be piece an onion.	3	true
1103	Someone is slicing an onion.	person be slicing Associate in Nursing onion.	2	true
1104	Someone is slicing an onion.	individual is slice an onion plant.	1	true
1105	A man is swimming.	A man is swimming.	5	true
1106	A man is swimming.	angstrom man be swimming.	4	true
1107	A man is swimming.	angstrom adult male be swimming.	3	true
1108	A man is swimming.	angstrom adult male be swimming.	2	true
1109	A man is swimming.	angstrom man beryllium swim.	1	true
1110	A man is playing the guitar.	A man is playing the guitar.	5	true
1111	A man is playing the guitar.	A adult male is acting the guitar.	4	true
1112	A man is playing the guitar.	angstrom adult male is acting the guitar.	3	true
1113	A man is playing the guitar.	A man be playing the guitar.	2	true
1114	A man is playing the guitar.	angstrom adult male beryllium playing the guitar.	1	true
1115	A woman is slicing a pumpkin.	A woman is slicing a pumpkin.	5	true
1116	A woman is slicing a pumpkin.	angstrom adult female is slicing a pumpkin.	4	true
1117	A woman is slicing a pumpkin.	angstrom unit woman is slicing a pumpkin vine.	3	true
1118	A woman is slicing a pumpkin.	angstrom woman is slice a pumpkin vine.	2	true
1119	A woman is slicing a pumpkin.	A adult female Be slicing a pumpkin.	1	true
1120	A woman is dancing.	A woman is dancing.	5	true
1121	A woman is dancing.	angstrom woman is dance.	4	true
1122	A woman is dancing.	angstrom adult female is dance.	3	true
1123	A woman is dancing.	A woman beryllium dance.	2	true
1124	A woman is dancing.	A woman beryllium dancing.	1	true
1125	A woman is cracking eggs into a bowl.	A woman is cracking eggs into a bowl.	5	true
1126	A woman is cracking eggs into a bowl.	angstrom adult female is cracking eggs into a bowl.	4	true
1127	A woman is cracking eggs into a bowl.	A adult female is cleft eggs into a bowl.	3	true
1128	A woman is cracking eggs into a bowl.	angstrom woman beryllium cracking eggs into a bowl.	2	true
1129	A woman is cracking eggs into a bowl.	angstrom adult female is crack eggs into a trough.	1	true
